id,prompt,output,elapsed_s
1,Say hello to Raspberry Pi 5!,Say hello to Raspberry Pi 5! I'm trying to figure out how to use the `math,5460.42
2,"If two trains are traveling towards each other at 60 km/h and 80 km/h, how long until they meet if they start 280 km apart?","If two trains are traveling towards each other at 60 km/h and 80 km/h, how long until they meet if they start 280 km apart? To solve this, I need to find the combined speed of",5807.3
3,What is the derivative of 3x^2 + 2x + 1?,"What is the derivative of 3x^2 + 2x + 1? To find the derivative, we can use the power rule.",5442.18
4,Write a Python function that reverses a string.,"Write a Python function that reverses a string. and returns the reversed string.

Okay, I need to write",4748.76
5,You have 3 liters and 5 liters jugs. How can you measure exactly 4 liters of water?,"You have 3 liters and 5 liters jugs. How can you measure exactly 4 liters of water?**
Okay, so I have this problem where I need to",4462.59
6,Write a short story about a robot learning empathy.,"Write a short story about a robot learning empathy.150-300 words.

Okay, so",4554.91
